{"order":{"orderId":"FILE001","customerId":"CUST003","items":[{"productId":"PROD004","productName":"Tablet","quantity":2,"unitPrice":299.99,"category":"Electronics","totalPrice":599.98},{"productId":"PROD005","productName":"Case","quantity":2,"unitPrice":19.99,"category":"Accessories","totalPrice":39.98}],"totalAmount":639.96,"discountAmount":63.9960,"status":"PROCESSING","priority":"NORMAL","orderDate":null,"expressShipping":false},"customer":{"customerId":"CUST003","name":"File Customer","email":"file.customer@example.com","customerType":"REGULAR","registrationDate":null,"loyaltyPoints":500,"vip":false},"status":"SUCCESS","message":"File order processed successfully via Camel and Drools"}