{
  "order" : {
    "orderId" : "CAMEL001",
    "customerId" : "CUST001",
    "items" : [ {
      "productId" : "PROD001",
      "productName" : "Laptop",
      "quantity" : 1,
      "unitPrice" : 1200.00,
      "category" : "Electronics",
      "totalPrice" : 1200.00
    } ],
    "totalAmount" : 1200.00,
    "discountAmount" : 180.0000,
    "status" : "PROCESSING",
    "priority" : "HIGH",
    "orderDate" : null,
    "expressShipping" : true
  },
  "customer" : {
    "customerId" : "CUST001",
    "name" : "VIP Customer",
    "email" : "vip@example.com",
    "customerType" : "PREMIUM",
    "registrationDate" : null,
    "loyaltyPoints" : 1500,
    "vip" : true
  },
  "status" : "SUCCESS",
  "message" : "Order processed successfully via Camel and Drools"
}