{
  "order": {
    "orderId": "FILE001",
    "customerId": "CUST003",
    "items": [
      {
        "productId": "PROD004",
        "productName": "Tablet",
        "quantity": 2,
        "unitPrice": 299.99,
        "category": "Electronics"
      },
      {
        "productId": "PROD005",
        "productName": "Case",
        "quantity": 2,
        "unitPrice": 19.99,
        "category": "Accessories"
      }
    ]
  },
  "customer": {
    "customerId": "CUST003",
    "name": "File Customer",
    "email": "file.customer@example.com",
    "customerType": "REGULAR",
    "loyaltyPoints": 500
  }
}
